{
  "votes": [
    {
      "proposalId": 88,
      "address": "0x8659D0BB123Da6D16D9394C7838BA286c2207d0E",
      "support": true,
      "votingPower": 35924.65800469,
      "transactionHash": "0x84f17dda453a219689d653a3d89a43d6e78e3a802cae0535d9d0128c74057399",
      "blockNumber": 56286785,
      "chainId": 137,
      "ensName": null
    },
    {
      "proposalId": 88,
      "address": "0xB933AEe47C438f22DE0747D57fc239FE37878Dd1",
      "support": true,
      "votingPower": 24243.3350217,
      "transactionHash": "0x02d37a1f3b311c9051d7d07a087fd3d1a8dc84294d4720c581b43afe6179c796",
      "blockNumber": 56286641,
      "chainId": 137,
      "ensName": null
    },
    {
      "proposalId": 88,
      "address": "0xdf7d0d3d199706f5b937d6763174A2c73fA75b00",
      "support": true,
      "votingPower": 10.199987529883543,
      "transactionHash": "0x2dbd9affe9c268018e7d421ac4791e86920062ee269b0241452feb7faff1eafc",
      "blockNumber": 56284768,
      "chainId": 137,
      "ensName": null
    },
    {
      "proposalId": 88,
      "address": "0xECC2a9240268BC7a26386ecB49E1Befca2706AC9",
      "support": true,
      "votingPower": 40054.39306866,
      "transactionHash": "0x44c3c0c1c2bd30f16797b3eed3c8ef35ca3fb669c14c76a683e6421f840ecf8d",
      "blockNumber": 56280063,
      "chainId": 137,
      "ensName": null
    }
  ]
}