{
  "votes": [
    {
      "proposalId": 85,
      "address": "0x8659D0BB123Da6D16D9394C7838BA286c2207d0E",
      "support": true,
      "votingPower": 35924.65800469,
      "transactionHash": "0x4f981e7a186d3aba182fa4f1b3f032e9f2527a6ccb90c04f2950f481649e4267",
      "blockNumber": 56172192,
      "chainId": 137,
      "ensName": null
    },
    {
      "proposalId": 85,
      "address": "0x8b37a5Af68D315cf5A64097D96621F64b5502a22",
      "support": true,
      "votingPower": 2867.43369956,
      "transactionHash": "0x580905100ef83ac7914dd6818514d405990b92c73029a31e3e569055ac1ab133",
      "blockNumber": 56170206,
      "chainId": 137,
      "ensName": null
    }
  ]
}