{
  "votes": [
    {
      "proposalId": 100,
      "address": "0x6A61Ea7832f84C3096c70f042aB88D9a56732D7B",
      "support": true,
      "votingPower": 2021.8681009636207,
      "transactionHash": "0x514f232fdcf2f3028a259649033e013b7bf80f1d3ffaf1296f426a6ae3694c55",
      "blockNumber": 56695232,
      "chainId": 137,
      "ensName": null
    },
    {
      "proposalId": 100,
      "address": "0xECC2a9240268BC7a26386ecB49E1Befca2706AC9",
      "support": true,
      "votingPower": 40054.39306866,
      "transactionHash": "0xb29d913a59a49e88beb3664d2d09e24a7c0209d5e7f2d2e245f9ff58e48d4aba",
      "blockNumber": 56693920,
      "chainId": 137,
      "ensName": null
    },
    {
      "proposalId": 100,
      "address": "0x329c54289Ff5D6B7b7daE13592C6B1EDA1543eD4",
      "support": true,
      "votingPower": 19356.74064638,
      "transactionHash": "0x4533d9c7b78947e3cdceb98cda2e7109d8fb8ed2136cf9a846773c2e31feadd5",
      "blockNumber": 56692353,
      "chainId": 137,
      "ensName": null
    }
  ]
}