{
  "votes": [
    {
      "proposalId": 76,
      "address": "0x5185ea270AbFe6783c7865Ae38E528CC02D73522",
      "support": true,
      "votingPower": 8.07005008615777,
      "transactionHash": "0x04bb00a314b3e192d778013b0867d13dbdb499f10a1f9d00300b234f996ec7fc",
      "blockNumber": 55901747,
      "chainId": 137,
      "ensName": null
    },
    {
      "proposalId": 76,
      "address": "0xECC2a9240268BC7a26386ecB49E1Befca2706AC9",
      "support": true,
      "votingPower": 40054.39306866,
      "transactionHash": "0x5139cf9382df7b921d2819908e3e6c029ec7b6fd39088ca2dfb7f91af0bb9c94",
      "blockNumber": 55901073,
      "chainId": 137,
      "ensName": null
    }
  ]
}