{
  "votes": [
    {
      "proposalId": 14,
      "address": "0xf9e1D1e9F22c96752356AdFd377231528c7E851E",
      "support": true,
      "votingPower": 0.2833205304079276,
      "transactionHash": "0x284517078ea7586c868ab894a324ed7a187a810cf825a88bbf2c2fd22285ccb6",
      "blockNumber": 53006246,
      "chainId": 137,
      "ensName": null
    },
    {
      "proposalId": 14,
      "address": "0x6C53bdF34aA69380e92D3b316959EE336f88e1F8",
      "support": true,
      "votingPower": 0.06948572252333987,
      "transactionHash": "0xd10a0bfe8a5015939c105686ef0efd89c8a8dc4919934cbe29030386bfc5f9b1",
      "blockNumber": 53005758,
      "chainId": 137,
      "ensName": null
    }
  ]
}