{
  "votes": [
    {
      "proposalId": 89,
      "address": "0x8659D0BB123Da6D16D9394C7838BA286c2207d0E",
      "support": true,
      "votingPower": 35924.65800469,
      "transactionHash": "0x0606942c07d4f1bb186cc03cbc1bdce7a0da6c89fb6db9c9451a698eaf5d5aee",
      "blockNumber": 56286794,
      "chainId": 137,
      "ensName": null
    },
    {
      "proposalId": 89,
      "address": "0xB933AEe47C438f22DE0747D57fc239FE37878Dd1",
      "support": true,
      "votingPower": 24243.3350217,
      "transactionHash": "0x99f9e64963a860347565da7fd7e83fdbd53a45df4c937b951caa28a946b6b96f",
      "blockNumber": 56286722,
      "chainId": 137,
      "ensName": null
    }
  ]
}