{
  "votes": [
    {
      "proposalId": 286,
      "address": "0xECC2a9240268BC7a26386ecB49E1Befca2706AC9",
      "support": true,
      "votingPower": 46572.78938087,
      "transactionHash": "0x306c43e0eac2ef80a492fc808a2487815c585ce199f1a47226d33d255ba13eda",
      "blockNumber": 69966034,
      "chainId": 137,
      "ensName": null
    },
    {
      "proposalId": 286,
      "address": "0x97AE3d6eceEc4A733fA0cdb6A1eAc636AC1b9892",
      "support": true,
      "votingPower": 4.257777508078347,
      "transactionHash": "0x8509d9451d76149c14c6538c0b581c6c6b2205f7dd38a476dcc89f682e312b20",
      "blockNumber": 69965521,
      "chainId": 137,
      "ensName": null
    },
    {
      "proposalId": 286,
      "address": "0x057928bc52bD08e4D7cE24bF47E01cE99E074048",
      "support": true,
      "votingPower": 3.10096183,
      "transactionHash": "0xc5c6229dbfa5a5da2c6146263648b9091c3d6b85ec3de9840d2584e310467e1c",
      "blockNumber": 69938594,
      "chainId": 137,
      "ensName": null
    }
  ]
}