{
  "votes": [
    {
      "proposalId": 69,
      "address": "0x8b37a5Af68D315cf5A64097D96621F64b5502a22",
      "support": true,
      "votingPower": 2867.43369956,
      "transactionHash": "0xca9001bee6eb2faf8f2b34f16bedfcca7f3d56b2ca2b68ccaaf929ba97bcbf55",
      "blockNumber": 55517396,
      "chainId": 137,
      "ensName": null
    },
    {
      "proposalId": 69,
      "address": "0x6A61Ea7832f84C3096c70f042aB88D9a56732D7B",
      "support": true,
      "votingPower": 1992.9029482659034,
      "transactionHash": "0xf135188dcbd494533544d6acc1f22aead74fdc87e49dc19a434c761365d658c1",
      "blockNumber": 55514384,
      "chainId": 137,
      "ensName": null
    },
    {
      "proposalId": 69,
      "address": "0x57ab7ee15cE5ECacB1aB84EE42D5A9d0d8112922",
      "support": true,
      "votingPower": 134691.23629657,
      "transactionHash": "0x65a8f103b5c29856a3ddccdad8ba883c798794568d8c56f8eac4792942adfa4f",
      "blockNumber": 55512851,
      "chainId": 137,
      "ensName": null
    }
  ]
}