{
  "votes": [
    {
      "proposalId": 293,
      "address": "0x274829C52bba894d62A4931b46B76cFE0606Ac26",
      "support": true,
      "votingPower": 16.14625203945484,
      "transactionHash": "0x676116f2a116f9ac7cd127aafe4f89c6c4386cdb887afda2ded02af83734436a",
      "blockNumber": 70213697,
      "chainId": 137,
      "ensName": null
    },
    {
      "proposalId": 293,
      "address": "0xFEfc249771de0FB759fc91A5eC60E7CE586A79fb",
      "support": true,
      "votingPower": 8.198730634772138,
      "transactionHash": "0x2d7792a11029ed61a1ea683c2a565f3813e05ed59cabc784aec53e99ad0c82f2",
      "blockNumber": 70212996,
      "chainId": 137,
      "ensName": null
    },
    {
      "proposalId": 293,
      "address": "0x8659D0BB123Da6D16D9394C7838BA286c2207d0E",
      "support": true,
      "votingPower": 12904.00619613,
      "transactionHash": "0x0ec9208445ba041a9759d1714964c4dc2979322e9b4a91c000e65174bc8fbf85",
      "blockNumber": 70205748,
      "chainId": 137,
      "ensName": null
    }
  ]
}