{
  "votes": [
    {
      "proposalId": 109,
      "address": "0x057928bc52bD08e4D7cE24bF47E01cE99E074048",
      "support": true,
      "votingPower": 2.00096183,
      "transactionHash": "0x1b714c1ee85264cde6171578f8fc6c20c1e94925d15749a57eefed53d768cdca",
      "blockNumber": 57495641,
      "chainId": 137,
      "ensName": null
    },
    {
      "proposalId": 109,
      "address": "0xECC2a9240268BC7a26386ecB49E1Befca2706AC9",
      "support": true,
      "votingPower": 39804.49649036,
      "transactionHash": "0xaa494635870871283aa9a83bca2a15ec65cf1ca2d0e2c88857d2c7a0f72f782c",
      "blockNumber": 57495440,
      "chainId": 137,
      "ensName": null
    }
  ]
}