{
  "votes": [
    {
      "proposalId": 77,
      "address": "0x168F87fBfe36B84E44B9d06278B2aA1CC73d7400",
      "support": true,
      "votingPower": 0.12000000000000002,
      "transactionHash": "0x258edecb98dbb101ee0a178f22f428a85babd9b6cd77a403c0dbd50397ddcd3f",
      "blockNumber": 55980392,
      "chainId": 137,
      "ensName": null
    },
    {
      "proposalId": 77,
      "address": "0x329c54289Ff5D6B7b7daE13592C6B1EDA1543eD4",
      "support": true,
      "votingPower": 18743.56131922,
      "transactionHash": "0xafed3f46e0cdcd46f05c59f3d52c349f25b7c193a1cd5bd0cd7adfc046e8b6bb",
      "blockNumber": 55979553,
      "chainId": 137,
      "ensName": null
    },
    {
      "proposalId": 77,
      "address": "0x57ab7ee15cE5ECacB1aB84EE42D5A9d0d8112922",
      "support": true,
      "votingPower": 137685.98459427184,
      "transactionHash": "0xce9a9d1a1e2fbdd808af6a0028405ec02e0337b9aff5c12776d65d864a09cf9e",
      "blockNumber": 55979514,
      "chainId": 137,
      "ensName": null
    }
  ]
}