{
  "votes": [
    {
      "proposalId": 103,
      "address": "0x0579A616689f7ed748dC07692A3F150D44b0CA09",
      "support": true,
      "votingPower": 0.81827661,
      "transactionHash": "0xf9bb3b307834f8cd916d5a2e9a4ed651ba7f292d9970cdc27bc0f205eeac0931",
      "blockNumber": 56739982,
      "chainId": 137,
      "ensName": null
    },
    {
      "proposalId": 103,
      "address": "0x57ab7ee15cE5ECacB1aB84EE42D5A9d0d8112922",
      "support": true,
      "votingPower": 153255.03592079182,
      "transactionHash": "0x1e5955fca893e3c8aa8e7f2e3ab4c643b6d179d29228164dc4c3dcbd26864671",
      "blockNumber": 56737541,
      "chainId": 137,
      "ensName": null
    },
    {
      "proposalId": 103,
      "address": "0xA0efD27acC781549D5b78e89E561AA0903932d56",
      "support": true,
      "votingPower": 0.25270427331301987,
      "transactionHash": "0x6d37ec042b4124464ed63ef2d334b9018e5ee4b26ce1409f73f96bd0b5ca350c",
      "blockNumber": 56736801,
      "chainId": 137,
      "ensName": null
    }
  ]
}