{
  "votes": [
    {
      "proposalId": 87,
      "address": "0x8659D0BB123Da6D16D9394C7838BA286c2207d0E",
      "support": true,
      "votingPower": 35924.65800469,
      "transactionHash": "0x073127f0286a96720020d5c6c206d3b6c4c0ec8f6319bb29db88c08e8a0d4f89",
      "blockNumber": 56286780,
      "chainId": 137,
      "ensName": null
    },
    {
      "proposalId": 87,
      "address": "0xB933AEe47C438f22DE0747D57fc239FE37878Dd1",
      "support": true,
      "votingPower": 24243.3350217,
      "transactionHash": "0xc3d1a00c22085523bd6b7d86b74eebf5ea2ac6633501d748f88d5711e0b5ddff",
      "blockNumber": 56286616,
      "chainId": 137,
      "ensName": null
    },
    {
      "proposalId": 87,
      "address": "0xECC2a9240268BC7a26386ecB49E1Befca2706AC9",
      "support": true,
      "votingPower": 40054.39306866,
      "transactionHash": "0x90e77f7dc04f61b71d750170d46b8245e584feb478c12f16a200bb77ee56d6ff",
      "blockNumber": 56279883,
      "chainId": 137,
      "ensName": null
    }
  ]
}