{
  "votes": [
    {
      "proposalId": 78,
      "address": "0x92A0b2C089733beF43Ac367D2CE7783526AEA590",
      "support": true,
      "votingPower": 75.07092752,
      "transactionHash": "0x77f8c570216fc9684d6f04a379acda0998a0013e804081c3957cddc273aacab4",
      "blockNumber": 55983187,
      "chainId": 137,
      "ensName": null
    },
    {
      "proposalId": 78,
      "address": "0x40534E513dF8277870B81e97B5107B3f39DE4f15",
      "support": true,
      "votingPower": 12.5,
      "transactionHash": "0xb0cc0ef25dcdb95710e5ca83fd4c63fb527188fa48a366a8cb476d8531cb837f",
      "blockNumber": 55982911,
      "chainId": 137,
      "ensName": null
    },
    {
      "proposalId": 78,
      "address": "0x57ab7ee15cE5ECacB1aB84EE42D5A9d0d8112922",
      "support": true,
      "votingPower": 137685.98459427184,
      "transactionHash": "0x4dc6b0dcf77a09d39ba4e0e53e837f12728977dfe34d243ef269c15e3a2112df",
      "blockNumber": 55979610,
      "chainId": 137,
      "ensName": null
    },
    {
      "proposalId": 78,
      "address": "0x168F87fBfe36B84E44B9d06278B2aA1CC73d7400",
      "support": true,
      "votingPower": 0.12000000000000002,
      "transactionHash": "0xc3ed393cd796756f06b45e7b542c699dfd424b203f5117230e5efe13cd06aab6",
      "blockNumber": 55978742,
      "chainId": 137,
      "ensName": null
    }
  ]
}