{
  "votes": [
    {
      "proposalId": 99,
      "address": "0x6A61Ea7832f84C3096c70f042aB88D9a56732D7B",
      "support": true,
      "votingPower": 2021.8681009636207,
      "transactionHash": "0x0bdc5ffac63069f8524d3b6d59d9d1b2c4c17437a1201c5d2cc3569ea761a47c",
      "blockNumber": 56695262,
      "chainId": 137,
      "ensName": null
    },
    {
      "proposalId": 99,
      "address": "0xECC2a9240268BC7a26386ecB49E1Befca2706AC9",
      "support": true,
      "votingPower": 40054.39306866,
      "transactionHash": "0x3d92f764279cf5c64512038f48bc17c062a58c2a72503e6eeeca9cb062e6a062",
      "blockNumber": 56693848,
      "chainId": 137,
      "ensName": null
    }
  ]
}