{
  "votes": [
    {
      "proposalId": 55,
      "address": "0x50B4261129E65E531c55AcFDE447D2c5010622ff",
      "support": true,
      "votingPower": 0.23020850368986845,
      "transactionHash": "0x5c34733cf6f2c537af2f223b41c048cb15dcd14e7b626627b38024e55342b78f",
      "blockNumber": 54979934,
      "chainId": 137,
      "ensName": null
    },
    {
      "proposalId": 55,
      "address": "0xa417100dDCD35787E6C0598e63db45EF5ECCA567",
      "support": true,
      "votingPower": 0.21652540247008692,
      "transactionHash": "0x58fb484c293f22a3d16bf3fc9376181d32886b76232b1d1f320a5822bdc2e562",
      "blockNumber": 54974957,
      "chainId": 137,
      "ensName": null
    },
    {
      "proposalId": 55,
      "address": "0x0350732A30e38536c695689C34034418c87230b5",
      "support": true,
      "votingPower": 0.03256357999412128,
      "transactionHash": "0x30b6b9ea85ac4359b40749b8b919be526a4590f0541d6c9ca62df5ff3a8913a5",
      "blockNumber": 54970589,
      "chainId": 137,
      "ensName": null
    }
  ]
}