{
  "votes": [
    {
      "proposalId": 288,
      "address": "0xECC2a9240268BC7a26386ecB49E1Befca2706AC9",
      "support": true,
      "votingPower": 46572.78938087,
      "transactionHash": "0x0fb44b1fb7104db4db76604875c2e275d55403ad5ca6a3e6ad0fc0d6570b1cdd",
      "blockNumber": 69966401,
      "chainId": 137,
      "ensName": null
    },
    {
      "proposalId": 288,
      "address": "0x057928bc52bD08e4D7cE24bF47E01cE99E074048",
      "support": true,
      "votingPower": 3.10096183,
      "transactionHash": "0x81200ec2ef9875680ca761bea1ca76ef48990a7e0bc2f86740c07dbfd620198b",
      "blockNumber": 69964149,
      "chainId": 137,
      "ensName": null
    },
    {
      "proposalId": 288,
      "address": "0x08651EeE3b78254653062BA89035b8F8AdF924CE",
      "support": true,
      "votingPower": 2024.0104378114365,
      "transactionHash": "0xbb22825991e199126b7d65a812f0b223b8f1f783c67ba161a8696c7d27a32138",
      "blockNumber": 69963809,
      "chainId": 137,
      "ensName": null
    }
  ]
}