{
  "votes": [
    {
      "proposalId": 279,
      "address": "0x57ab7ee15cE5ECacB1aB84EE42D5A9d0d8112922",
      "support": true,
      "votingPower": 330484.37652937515,
      "transactionHash": "0xbce7c5547b455d69eb613487ae69c18802004a88a9455569415afe9c2cd21235",
      "blockNumber": 69679748,
      "chainId": 137,
      "ensName": null
    },
    {
      "proposalId": 279,
      "address": "0x019Ed608dD806b80193942F2A960e7AC8aBb2EE3",
      "support": true,
      "votingPower": 0.3442977003875291,
      "transactionHash": "0xb843de4317e820a248acb84eb0b3ac73c14973e629e2bf58700b730f490e81c1",
      "blockNumber": 69678905,
      "chainId": 137,
      "ensName": null
    }
  ]
}