{
  "votes": [
    {
      "proposalId": 73,
      "address": "0xECC2a9240268BC7a26386ecB49E1Befca2706AC9",
      "support": true,
      "votingPower": 41254.39306866,
      "transactionHash": "0xadbaf639ddee426d213a09920a11b7ef64809dbd752de027fb988ddf1d2a568e",
      "blockNumber": 55663375,
      "chainId": 137,
      "ensName": null
    },
    {
      "proposalId": 73,
      "address": "0xE4594A66d9507fFc0d4335CC240BD61C1173E666",
      "support": true,
      "votingPower": 5,
      "transactionHash": "0x76c89150b44c8a9c247fc9218d1dd8c0ca293320632fe78027b6ac321c7b8f9a",
      "blockNumber": 55662071,
      "chainId": 137,
      "ensName": null
    },
    {
      "proposalId": 73,
      "address": "0x8b37a5Af68D315cf5A64097D96621F64b5502a22",
      "support": true,
      "votingPower": 2867.43369956,
      "transactionHash": "0xf1525ea604caeaf463c3d780d135ec97a85d999be1616727229f34786fff18a5",
      "blockNumber": 55659576,
      "chainId": 137,
      "ensName": null
    }
  ]
}