{
  "votes": [
    {
      "proposalId": 79,
      "address": "0x40534E513dF8277870B81e97B5107B3f39DE4f15",
      "support": true,
      "votingPower": 12.5,
      "transactionHash": "0x0e1a82de14319301c54a37345c3e224d1e9242aec3abb9c956749fc0fad7b9db",
      "blockNumber": 55982887,
      "chainId": 137,
      "ensName": null
    },
    {
      "proposalId": 79,
      "address": "0x57ab7ee15cE5ECacB1aB84EE42D5A9d0d8112922",
      "support": true,
      "votingPower": 137685.98459427184,
      "transactionHash": "0x1cacf287e9270c7410442f59bb9048315a227a74e7eee5c789142149d48473b4",
      "blockNumber": 55979611,
      "chainId": 137,
      "ensName": null
    },
    {
      "proposalId": 79,
      "address": "0x329c54289Ff5D6B7b7daE13592C6B1EDA1543eD4",
      "support": true,
      "votingPower": 18743.56131922,
      "transactionHash": "0x1a9dfd2379373eb11be827f873713383296722e105607851bc1d6a476a47641a",
      "blockNumber": 55979563,
      "chainId": 137,
      "ensName": null
    },
    {
      "proposalId": 79,
      "address": "0x168F87fBfe36B84E44B9d06278B2aA1CC73d7400",
      "support": true,
      "votingPower": 0.12000000000000002,
      "transactionHash": "0x9b50b8e539653846a3ae165f76cc09f6c233f05031b0fa4cc2aacfbdc58e91d7",
      "blockNumber": 55978723,
      "chainId": 137,
      "ensName": null
    }
  ]
}