{
  "votes": [
    {
      "proposalId": 467,
      "address": "0xECC2a9240268BC7a26386ecB49E1Befca2706AC9",
      "support": true,
      "votingPower": 4447.75783227,
      "transactionHash": "0x9d8c7f175d675380bf83c7cf405bed1fa26ec7e0cff13d0158ebf60ca1f61bc6",
      "blockNumber": 82028151,
      "chainId": 43114,
      "ensName": null
    },
    {
      "proposalId": 467,
      "address": "0x057928bc52bD08e4D7cE24bF47E01cE99E074048",
      "support": true,
      "votingPower": 1.04402872,
      "transactionHash": "0x8e529305191b592c297bfcf1ea137a05a701c78f38e3a2daaa8f23ef2465d46b",
      "blockNumber": 82019886,
      "chainId": 43114,
      "ensName": null
    },
    {
      "proposalId": 467,
      "address": "0x3EF647A256fC6DAD72127c297354Ef283548D279",
      "support": true,
      "votingPower": 0.53702923,
      "transactionHash": "0xf4a6da7ebaa82f1fd40c2b1fd9827c24096d9d3988204c18c6ac7e9c03ca8226",
      "blockNumber": 82011733,
      "chainId": 43114,
      "ensName": null
    }
  ]
}