{
  "votes": [
    {
      "proposalId": 308,
      "address": "0x8787FC2De4De95c53e5E3a4e5459247D9773ea52",
      "support": true,
      "votingPower": 24685.94452064,
      "transactionHash": "0xe2afb8d9d319ce176c68ca83bcd151129e2776518af7e1401170a7790a91d873",
      "blockNumber": 71266957,
      "chainId": 137,
      "ensName": null
    },
    {
      "proposalId": 308,
      "address": "0xf13C2AE4ef24e9010EC7A5b56EA1F6aFa9B36Dd3",
      "support": true,
      "votingPower": 141.59686918101715,
      "transactionHash": "0x54a7c87d47fbde17257c765610b25b47ea19caa8eff3c2bea78adad4131e0149",
      "blockNumber": 71266762,
      "chainId": 137,
      "ensName": null
    },
    {
      "proposalId": 308,
      "address": "0x8b37a5Af68D315cf5A64097D96621F64b5502a22",
      "support": true,
      "votingPower": 10897.32502767,
      "transactionHash": "0x01e6ba7ac5440e030daeb3d88aceafc68a4919938839a0b7f44fed1e88dbbb12",
      "blockNumber": 71265906,
      "chainId": 137,
      "ensName": null
    },
    {
      "proposalId": 308,
      "address": "0xECC2a9240268BC7a26386ecB49E1Befca2706AC9",
      "support": true,
      "votingPower": 21465.02292712,
      "transactionHash": "0x7e592ea56bb96d78e97e07492910a0a837975140605d50cb67f60eb773856c71",
      "blockNumber": 71263324,
      "chainId": 137,
      "ensName": null
    }
  ]
}