{
  "votes": [
    {
      "proposalId": 281,
      "address": "0x57ab7ee15cE5ECacB1aB84EE42D5A9d0d8112922",
      "support": true,
      "votingPower": 330484.37652937515,
      "transactionHash": "0x0c1d9251f0def1ef201fbdeaeb5b009f040738705ff9121198b67e79d444de4c",
      "blockNumber": 69679761,
      "chainId": 137,
      "ensName": null
    },
    {
      "proposalId": 281,
      "address": "0x019Ed608dD806b80193942F2A960e7AC8aBb2EE3",
      "support": true,
      "votingPower": 0.3442977003875291,
      "transactionHash": "0xa507a95d89e29df8c6d7bcf3b259989a9e36301ed8a4864eee625e9b881485c3",
      "blockNumber": 69678933,
      "chainId": 137,
      "ensName": null
    }
  ]
}