{
  "votes": [
    {
      "proposalId": 287,
      "address": "0xECC2a9240268BC7a26386ecB49E1Befca2706AC9",
      "support": true,
      "votingPower": 46572.78938087,
      "transactionHash": "0x296ab36b1f51829a1580a5d50aef4bf866dfe6e0aefd923906d05ffaf0f476ed",
      "blockNumber": 69966258,
      "chainId": 137,
      "ensName": null
    },
    {
      "proposalId": 287,
      "address": "0x08651EeE3b78254653062BA89035b8F8AdF924CE",
      "support": true,
      "votingPower": 2024.0104378114365,
      "transactionHash": "0x39d03397a403919d65635d82cdc74019cbc2d3e1a89a401ead098264e3d11f5c",
      "blockNumber": 69963784,
      "chainId": 137,
      "ensName": null
    },
    {
      "proposalId": 287,
      "address": "0x057928bc52bD08e4D7cE24bF47E01cE99E074048",
      "support": true,
      "votingPower": 3.10096183,
      "transactionHash": "0x442de1b88e2bc92615bd2d2e27940309bc6ee000b37ad4a23cd44ea70d96873f",
      "blockNumber": 69938614,
      "chainId": 137,
      "ensName": null
    }
  ]
}