{
  "votes": [
    {
      "proposalId": 289,
      "address": "0xf13C2AE4ef24e9010EC7A5b56EA1F6aFa9B36Dd3",
      "support": true,
      "votingPower": 174.18827602049876,
      "transactionHash": "0x2ad62ba8e5996ec176931b49945868285554f18bf06e9132deeeaf81e57b7948",
      "blockNumber": 69968113,
      "chainId": 137,
      "ensName": null
    },
    {
      "proposalId": 289,
      "address": "0x57ab7ee15cE5ECacB1aB84EE42D5A9d0d8112922",
      "support": true,
      "votingPower": 255996.43273068516,
      "transactionHash": "0xa84239acb071bffe53dc2a16777445864eb1452e2099ddd1f1955b28b4dcd50c",
      "blockNumber": 69968073,
      "chainId": 137,
      "ensName": null
    },
    {
      "proposalId": 289,
      "address": "0x08651EeE3b78254653062BA89035b8F8AdF924CE",
      "support": true,
      "votingPower": 2024.0104378114365,
      "transactionHash": "0x745cec98c6521131c090fd073d309d7c53f06855658f50e3dbf81840ab41f19f",
      "blockNumber": 69966874,
      "chainId": 137,
      "ensName": null
    },
    {
      "proposalId": 289,
      "address": "0xECC2a9240268BC7a26386ecB49E1Befca2706AC9",
      "support": true,
      "votingPower": 46572.78938087,
      "transactionHash": "0xf37ce13b7de8014a198ea07a07c453af54c2aa24464c4d53b30b40da6aa23e6c",
      "blockNumber": 69966459,
      "chainId": 137,
      "ensName": null
    }
  ]
}