{
  "votes": [
    {
      "proposalId": 14,
      "address": "0xd3B156e702e7De1d5908ED36265d315680f5E1d2",
      "support": true,
      "votingPower": 261.72888793362415,
      "transactionHash": "0xbf95c345f984f0598cc254375dbaa18222be61992358b360244fa0eaddc2d26f",
      "blockNumber": 53011368,
      "chainId": 137,
      "ensName": null
    },
    {
      "proposalId": 14,
      "address": "0xA0efD27acC781549D5b78e89E561AA0903932d56",
      "support": true,
      "votingPower": 0.25270427331301987,
      "transactionHash": "0x2f3caf77a28ca9baa2e3ead9d54cdc34241c476481bf96fc79e50fbb3790f6e5",
      "blockNumber": 53011344,
      "chainId": 137,
      "ensName": null
    },
    {
      "proposalId": 14,
      "address": "0xf9e1D1e9F22c96752356AdFd377231528c7E851E",
      "support": true,
      "votingPower": 0.2833205304079276,
      "transactionHash": "0x284517078ea7586c868ab894a324ed7a187a810cf825a88bbf2c2fd22285ccb6",
      "blockNumber": 53006246,
      "chainId": 137,
      "ensName": null
    },
    {
      "proposalId": 14,
      "address": "0x6C53bdF34aA69380e92D3b316959EE336f88e1F8",
      "support": true,
      "votingPower": 0.06948572252333987,
      "transactionHash": "0xd10a0bfe8a5015939c105686ef0efd89c8a8dc4919934cbe29030386bfc5f9b1",
      "blockNumber": 53005758,
      "chainId": 137,
      "ensName": null
    }
  ]
}