{
  "votes": [
    {
      "proposalId": 280,
      "address": "0x57ab7ee15cE5ECacB1aB84EE42D5A9d0d8112922",
      "support": true,
      "votingPower": 330484.37652937515,
      "transactionHash": "0x4327ed6899e2272442d8c6f2831564f22b3abe1c268248f824149a5595f59e76",
      "blockNumber": 69679755,
      "chainId": 137,
      "ensName": null
    },
    {
      "proposalId": 280,
      "address": "0x019Ed608dD806b80193942F2A960e7AC8aBb2EE3",
      "support": true,
      "votingPower": 0.3442977003875291,
      "transactionHash": "0x70a6942f186cc7ad65f9552282660c600aa637e6ba309c79d2ad6545109e0aed",
      "blockNumber": 69678916,
      "chainId": 137,
      "ensName": null
    }
  ]
}